x,y
50.46307,11.926173
16.101952,15.004437
67.02168,9.370852
59.052563,-5.4148192
-45.973522,12.457176
66.46947,25.16213
22.48663,-24.145317
12.980494,17.025404
66.98263,9.257626
14.949051,31.138098
25.40981,-28.839106
36.360615,-10.624833
10.121434,-46.08607
43.26853,-0.7435165
23.640257,-9.631926
51.85983,9.1515665
30.417505,-7.3568206
58.744198,-5.2125072
22.941088,-37.428192
65.97016,25.797602
25.070393,4.8830857
65.11205,25.934317
30.085035,-7.497941
43.815678,2.2699459
23.093706,-36.90153
-5.033975,20.65673
17.079042,10.259071
43.096256,0.15732557
46.028183,12.174162
28.495852,-8.693983
1.7898973,25.750465
30.202394,-16.022707
-23.677822,26.162962
66.16899,25.565166
43.629066,0.5110085
18.824202,10.084747
16.846489,22.853144
63.527405,18.049744
44.120453,8.731731
65.06545,23.574001
42.36828,-30.793491
64.58401,21.980444
15.036114,-33.807396
61.126793,4.877351
67.112076,25.109678
59.04785,10.31664
56.33609,-4.806083
52.943916,-27.636229
50.180122,11.857955
-13.806878,33.969296
59.589912,-5.4321723
23.588127,17.26486
5.123034,19.003485
-22.965437,21.624672
27.960596,15.189481
-9.688912,43.936596
18.936773,-17.243309
18.160044,-15.987232
43.11646,9.555881
53.12544,9.3035965
-38.091145,3.7349515
66.57636,9.49785
-14.436157,32.48019
35.48786,-6.8191495
62.796036,19.736115
9.968841,11.6013975
28.61605,14.936607
4.6784096,13.398516
2.608994,7.2119036
-63.32748,13.811616
56.981754,-4.103735
42.461006,-29.719137
19.209366,-18.949892
42.02226,-30.50727
-10.968053,44.85216
19.56716,16.950668
58.80033,5.5076113
66.700386,25.116098
66.3272,19.05684
-17.766466,37.664623
16.271322,-42.160873
-24.136099,27.21268
-26.965672,9.820373
-1.8727475,21.215872
38.351513,0.5556107
58.675407,-4.888077
7.6577334,25.867138
65.87011,9.584471
66.50406,23.729471
15.899432,25.341675
56.424267,-4.2158804
29.100405,-20.082947
30.595509,-15.279049
29.630768,1.0321374
9.226653,8.099466
62.58581,19.47207
64.07984,24.285479
56.896,17.330622
66.35704,26.266256
65.14904,21.630188
42.507076,12.876426
12.22364,16.820326
10.323338,18.270285
4.11414,7.898801
42.1411,1.7676768
58.222206,-4.979238
37.8295,-25.943705
42.981037,6.8640046
27.883394,-9.525398
30.052198,2.5002704
56.179195,17.617336
50.590126,-27.425358
-28.618406,20.804228
35.008812,-30.027374
64.27422,24.014297
4.897848,14.100983
-19.788757,26.71158
66.60638,26.230448
23.153166,-36.76164
7.7927585,7.7880244
44.6827,11.880375
58.49589,0.49816668
32.571625,-16.902304
54.67067,11.930348
65.302345,25.601244
50.852455,11.204054
59.195404,10.589844
47.144085,-29.041338
-63.955482,12.768224
13.933498,-44.13924
57.864834,-4.097722
35.11997,-30.367737
65.155464,22.412886
-40.39899,11.995358
12.72817,-38.53193
65.71031,17.8729
63.99857,7.705319
6.37547,27.929626
25.992893,3.1681757
66.973465,24.126072
48.221695,-27.620787
36.98992,-3.1756968
64.74356,24.367538
18.137232,7.99512
53.696198,7.7957997
55.443222,9.430551
52.24229,-27.294872
28.786627,19.467203
56.602398,-1.9803002
20.39976,11.659133
35.078644,-29.366247
-74.01924,8.92127
0.53541654,27.011515
13.77362,8.097043
59.521584,10.179987
23.797743,-17.882912
65.59862,25.088112
-36.085228,6.587821
63.162994,11.317265
-16.261024,27.778316
42.68026,-2.1675313
7.928123,-45.531494
66.687805,24.832825
-55.43774,13.546508
64.84944,20.80915
62.287712,15.440575
9.437543,-45.544582
22.959518,-17.36202
24.375023,-33.513702
25.143057,4.0200734
-45.20439,11.295069
7.1311936,28.13623
43.03226,10.556847
2.4684205,6.1801734
22.216219,-35.111176
-5.715805,36.269474
40.94116,-30.74728
-75.14896,10.007986
45.359283,11.959092
34.16061,-9.101888
61.19145,9.281466
24.468765,-23.642006
44.657272,-2.1965559
9.98516,17.606178
-16.816963,39.682148
13.446775,7.886765
67.31277,25.564795
61.157444,12.018502
-64.939186,13.49973
18.888575,-10.020108
18.045773,8.962026
60.73144,4.586761
41.425827,-29.370827
66.11957,10.1128025
14.920128,16.59484
-74.70672,9.947179
14.078871,18.615416
-11.098438,44.10773
55.0358,10.950923
21.171724,16.216835
-11.282266,42.90426
54.45073,11.974242
8.685559,17.101795
24.037514,-33.49284
8.177599,6.548847
42.08305,10.409089
66.127075,25.21515
-7.3306885,34.156395
55.544273,-0.7682474
54.185093,12.52727
11.777591,-45.132153
-10.73151,36.18374
13.212852,11.3829565
56.46209,17.602226
35.30848,10.045071
-16.880474,30.74606
19.163506,11.398922
63.749233,17.219072
-80.07753,2.3320029
-26.54485,10.12913
25.049128,-16.445923
-14.694575,-13.885505
23.546188,-17.667532
40.48911,4.7171745
56.672928,16.562933
-78.79761,0.1836518
-31.410656,13.908072
5.8101373,16.75897
21.010927,-8.748382
25.728558,-15.675952
34.72504,-9.940784
36.538296,-2.3442519
62.183643,4.2107267
-28.101192,17.251415
9.813668,29.791712
60.6129,-0.056115627
-10.03108,44.83886
-80.1741,-10.4991665
-78.6391,2.4018393
-19.74701,30.544033
23.039083,-23.944605
57.138386,15.792022
10.46248,17.49375
43.706142,1.8230753
-9.492305,43.51465
57.2238,9.6434355
-37.367973,9.022376
52.267635,-1.9909849
52.68306,-3.1474662
22.099417,-23.982092
-7.939636,44.80875
66.4654,16.148699
42.68826,-30.491432
66.69522,8.962149
48.692394,-29.245287
-1.6830156,20.243378
44.88409,1.349856
26.83863,-1.877539
1.6233612,22.175684
24.035147,-23.333403
25.126856,-32.862026
12.418718,-44.484173
39.128563,11.885464
54.77078,8.784429
-35.763634,6.3851194
-50.86952,10.911278
9.728097,-45.01776
29.451834,7.8184505
44.328823,-2.5252938
-50.815033,11.858053
20.37953,-13.792711
52.03694,-26.487518
61.468178,12.249321
54.041786,13.533042
56.537113,9.786499
40.23639,-29.963955
-51.32044,12.326838
57.741447,10.977917
9.396382,18.119083
15.676778,-10.551964
63.97946,21.702772
39.380993,-26.01136
52.64388,-27.31397
63.52441,11.809913
-14.18364,-8.8588705
46.132404,-27.974104
-37.74905,8.009723
28.357405,9.032555
-28.74605,29.756485
-51.358738,11.930838
-15.784867,30.921774
1.2638227,3.4491048
-25.161627,11.353193
36.62107,13.532091
-29.237198,17.435703
9.022561,-38.03877
-25.668797,10.508409
54.12732,19.919325
49.970127,-23.019287
35.516117,-31.024628
-46.97786,8.4997635
-79.982025,-4.474478
-25.865433,24.044683
-26.330288,24.300344
58.717815,-0.14410065
17.042988,-41.522327
21.953909,17.403214
65.60924,14.531724
27.169098,7.4273567
65.05915,19.712076
53.345707,9.088048
2.041667,26.742048
61.19211,16.859556
26.458017,3.8441677
52.81608,-3.998078
7.9554048,-45.366467
59.135258,15.734027
20.638618,-37.475388
-72.56343,9.156463
29.499369,-22.476854
43.309673,-0.16795853
55.514885,-12.7372675
23.814714,-34.07501
64.29877,9.83175
16.78612,8.675679
-3.3472095,-4.8476505
-26.240177,12.635096
-3.8899825,36.79657
48.358692,-25.379833
12.474256,-44.68662
5.8146777,-30.781044
39.74587,-29.586357
65.05917,26.015917
34.223553,9.372234
6.0636907,31.994019
37.747696,12.701022
32.08652,6.8775764
1.3623952,-3.5555747
51.760902,-26.229473
57.520683,11.409728
13.456818,19.014658
0.855302,27.228186
33.95478,9.897062
28.7334,7.7458773
48.88377,-28.83133
25.749022,-16.870838
13.64092,-38.982372
-62.912296,10.788869
35.841846,-30.409786
33.073544,-24.760471
66.63449,15.764186
61.599876,11.191318
60.575916,2.355206
58.168488,-0.37824222
13.084801,15.533021
21.726524,15.333915
23.342548,-33.240032
66.79869,20.487112
16.413254,7.8153048
66.45211,13.487148
66.02836,12.9149065
33.95023,8.987614
52.951878,-21.057186
-61.624924,14.906431
-54.94592,14.176012
-5.0980954,20.22183
-28.24082,9.590892
-75.183395,7.0054884
42.646107,8.501912
25.080397,14.782437
45.245773,1.251909
41.232513,-2.1976643
18.035463,-40.82662
41.55399,-28.051147
0.6664567,25.734735
65.327034,22.137436
34.78178,-29.339989
12.217307,-44.4538
17.479612,-16.642748
-22.770061,19.837193
64.928185,18.678307
-79.69124,-4.1401277
-28.571861,9.946415
30.783596,7.2134185
-4.2544856,38.322628
20.146639,-18.338018
22.298014,17.878883
47.867374,-27.056932
64.256195,18.33377
-64.6804,16.449503
43.467674,-0.47355965
66.657906,20.032099
12.340331,-45.30789
-38.693195,8.954649
5.290966,15.399565
39.527756,-2.2275977
47.294582,-0.20167756
-1.858811,35.318775
35.79522,-8.924272
60.174328,0.36600503
35.284447,-6.95284
41.129387,-29.699959
25.66251,-9.905673
4.3135257,4.5539727
28.383781,6.9962916
55.159603,15.46831
43.39747,8.852188
55.78849,16.741455
28.798782,17.314651
40.448746,-29.642855
42.621445,11.089328
33.315353,-14.799957
55.188557,-11.490046
46.20687,0.06249318
34.87063,-7.3301215
38.546844,-2.8582566
62.633793,0.12373333
-58.94071,13.84399
13.915401,10.076178
1.3645601,26.614138
41.66642,-2.1531112
39.695545,4.788005
64.01514,20.101725
47.92272,-28.018646
9.341391,-44.844307
62.006783,17.795406
31.66609,-24.029388
48.10229,-22.454536
66.025,25.793314
15.864519,-37.31977
52.51931,-2.5639517
54.667946,20.006882
19.68988,8.959875
27.940203,-10.809474
9.650071,28.705988
-32.933342,8.979586
-23.935442,19.665306
-23.002544,29.771402
-72.687256,9.955942
32.676384,-13.637074
62.220615,1.4351965
60.688297,11.246382
12.789185,7.4486723
12.19171,11.892095
-79.08268,-12.168736
-3.93638,21.698668
-8.141603,35.6925
57.429466,-2.3977797
62.886784,16.044168
2.899414,16.271172
6.618247,9.028472
54.37834,-10.882741
17.745476,-19.411205
7.00841,17.482388
33.55545,-27.615513
49.4177,-23.982525
28.5378,18.577938
35.827774,-31.14482
41.533745,-30.522602
-28.854498,16.265186
-27.0677,24.17182
11.661417,11.621914
-78.75969,0.51807016
4.7814207,17.77567
-25.714727,23.662321
20.478043,-34.14767
-14.358751,28.252907
-25.98939,25.644632
-4.525735,36.991825
36.855804,-25.661884
22.983072,-9.004116
38.733143,-27.110949
-19.441153,36.959538
63.537464,7.807292
20.865509,-16.930794
55.921463,-11.321134
-26.822546,30.047604
-26.787502,29.711731
28.09281,3.7017627
54.66831,13.552825
59.960003,-1.0601231
21.885809,-11.498906
54.615665,7.006259
48.493126,-1.7446883
18.35049,-36.469486
64.77512,6.868312
51.11191,-25.605711
63.7537,6.6447625
-23.992313,26.913853
-65.5375,16.029915
-25.229137,30.635847
62.30116,0.24292007
45.40875,1.9730364
27.12652,-9.373602
19.533873,15.302942
-32.307602,13.109454
16.255001,23.28257
54.504505,6.522254
28.467115,-8.026574
-16.699684,38.900856
5.8586683,6.392957
61.774536,13.3067255
22.317667,-36.53546
43.986366,1.069249
50.832478,-28.209269
56.00862,14.446751
19.200472,-8.766351
-65.78633,12.675553
1.2887967,-3.902442
14.57368,27.474152
-28.158436,18.533092
28.758831,1.5300498
-31.283953,8.869794
17.93006,-13.829424
56.53697,11.930877
-1.7515584,-33.13534
53.241123,8.065103
10.488882,-45.088173
-20.975607,36.5603
55.259438,-13.659585
59.005966,1.1745018
-17.082228,26.335104
-8.986532,38.927273
61.107563,11.252727
6.113632,28.23647
-24.568441,26.35505
-12.069807,35.13999
-22.261114,30.146538
50.1409,-28.363304
15.710777,29.874933
17.122517,-40.660862
36.421696,-30.338495
61.350418,7.2672725
-10.2752695,43.878086
29.204966,15.615266
62.349724,11.439065
-1.8852106,17.477438
-34.524204,17.00452
10.61519,17.301605
2.1248014,21.44677
-11.139829,-8.045156
67.186226,25.481644
36.442753,13.485059
32.994114,-9.156455
28.778172,18.127073
25.627834,14.4174
30.942606,-21.362417
27.75508,-11.409546
34.641933,-1.0668107
6.6248493,6.824478
12.02565,-44.728073
16.05124,8.571116
64.24615,7.610145
54.302654,-12.909325
-26.239307,29.779934
18.544674,-9.341053
-37.43404,13.932807
-78.94924,-1.2878928
14.434227,8.445216
28.769754,6.52549
-48.81248,4.460019
4.328029,17.103039
21.579462,18.73955
37.10801,13.163752
19.786665,16.973337
34.25796,-25.876116
56.636482,17.20202
23.327122,-36.11998
18.38859,9.594901
57.050766,-2.8679905
31.134008,8.068194
-33.740215,15.03108
-79.17861,2.190304
-76.85677,4.784866
21.170149,14.879402
-25.616276,29.86931
-24.8189,-4.1082473
-21.382069,23.081944
37.33214,-29.690046
28.190773,-18.196493
15.339057,23.68042
37.477547,-6.8737006
-13.804906,-31.966097
49.160637,-27.433695
21.134314,-9.524132
10.34123,-39.450138
64.93099,19.575438
60.753857,0.7112626
-66.2009,13.345374
-0.76023555,7.320324
28.122488,7.2502728
41.236603,11.771833
28.263525,17.40838
53.32863,-25.388102
40.701714,-7.8460994
44.73937,0.8375162
24.467367,20.197805
43.755486,6.644956
-24.319656,16.679014
50.43201,-27.60691
60.804985,15.311766
-20.604357,23.29032
27.745012,-31.343203
22.030901,-2.0891042
14.027848,18.187078
21.989756,-7.4471083
27.067657,-2.9656856
61.29836,16.133766
5.132768,11.124427
42.31794,9.283104
-11.930797,39.722134
34.019505,-29.770731
62.693073,6.774032
-28.414185,21.494968
-38.74824,7.472031
27.860203,-8.678313
6.3934894,31.219877
27.212488,4.1237855
-17.470367,29.764025
-3.3017497,-32.88761
42.35849,-2.9114428
-60.806137,10.720436
54.386578,-12.244274
35.38628,-3.3979704
7.119502,-35.26939
0.5570798,-4.4735026
5.663034,-31.334566
61.199635,17.729282
43.722015,8.08931
-27.132477,15.777157
-16.99705,40.245552
-76.53017,5.839538
42.563293,8.469748
-2.9960825,35.37544
64.922775,10.415065
23.66774,-25.110464
32.869003,-8.607744
66.60504,23.603168
37.704582,-29.255806
17.598434,-35.364346
53.210857,-13.517164
5.3927917,-38.62277
-1.7156224,18.588
-32.74737,15.235021
-77.63032,0.26966134
29.182808,17.922514
59.41705,1.1207409
42.625843,1.6113889
29.564869,0.21996674
63.03289,6.5039487
62.783257,15.259047
66.02789,16.842798
24.149141,-31.426256
26.046288,15.257519
49.09194,-25.469156
3.8894246,16.281507
65.83392,18.292336
55.166283,-12.493082
-47.525875,8.980676
53.696255,-22.550789
24.605118,-32.940166
52.984074,-27.2983
-32.853817,13.784388
34.706875,-7.78062
35.422417,-29.750021
-32.720352,13.874307
45.861954,-28.338785
42.560364,12.190398
41.852356,-29.099167
52.66801,-14.220108
54.194386,-12.866102
50.495613,-25.38367
57.262135,-2.885238
41.161114,-29.349539
-16.292086,39.508823
22.767723,-21.471924
63.50639,5.871184
32.83623,8.474932
36.043194,11.818207
58.343555,1.0373876
-11.736133,-8.385254
-50.49576,8.932655
11.327682,-44.385975
5.873315,-39.782436
27.402132,-3.2573733
9.892286,-30.002573
29.52731,-15.500439
5.8413906,-30.387896
1.1485752,28.377039
66.41507,25.670631
27.612371,3.9698935
-27.600677,21.666916
-31.80737,16.53201
41.518944,-28.739872
63.445137,13.1729
-45.770824,7.812055
59.01362,0.20540066
16.1717,23.51741
54.743637,14.578365
-32.068542,9.330676
-64.5758,12.385274
49.813316,-19.121454
41.989475,11.729693
11.656828,-44.819447
-25.858973,29.530184
-23.698437,30.570763
5.9060726,31.685804
24.376183,20.399012
52.397415,-16.890528
15.404398,27.77024
33.12602,-16.178062
24.564566,-27.992727
-57.189434,9.496981
65.83015,14.366067
9.76679,-30.14068
34.635624,-6.555749
23.98359,-33.317482
52.482998,-24.559465
47.655464,-2.9139998
63.018303,6.384262
-21.585701,22.913578
52.95622,-18.210802
42.10034,3.0854595
53.523518,-23.660942
41.650913,3.2136974
17.590782,-41.186478
7.3309093,7.1204476
62.825916,5.312223
-33.431118,18.737555
-5.7181473,42.443153
65.58809,21.520128
46.00041,2.2387497
20.603634,-7.183999
2.8605459,26.29286
7.710362,8.4738865
-7.2320347,-34.64441
22.47822,-26.416128
5.342511,-40.181618
25.104395,-29.037296
12.166568,11.323197
9.361641,-28.508392
66.58656,18.12327
29.80308,1.7618365
57.801376,4.54098
12.664466,-44.158
62.138752,3.69992
-73.580185,9.348673
-61.368572,9.404298
29.699816,5.0955944
37.580746,-9.477612
-30.430117,11.715623
40.563534,6.364693
45.671944,-20.774832
19.493237,-38.57658
59.98798,-0.78119445
39.36334,-28.747795
3.8732324,-35.956074
57.59783,14.261388
-78.55988,3.7669904
-80.473595,-5.81708
-37.805584,5.908038
-0.16595367,25.961348
-13.279758,44.882946
-46.071983,5.1696234
35.658188,-5.2150846
53.948418,0.16686423
66.605545,21.822172
18.323683,-11.259228
50.098255,-1.6912073
-45.593597,5.570808
27.132128,-20.38558
16.24078,-41.215572
66.92491,16.436935
52.52556,-18.520655
-77.11183,-0.048107017
4.813931,14.694068
-78.199135,-13.35751
-62.056686,13.762065
-58.662643,13.820859
-23.337597,37.532887
18.392437,1.0647538
-5.9664083,20.659178
47.9934,-19.84951
14.131003,9.261294
-12.753714,33.22135
-3.576811,34.24798
7.8018265,7.042638
27.874744,-18.169727
-64.31602,12.627315
47.845993,-22.976294
26.890621,-15.994031
-37.781136,13.913902
29.59219,3.1956441
-1.616879,-7.301137
19.845116,11.65777
30.109453,3.3220973
16.032284,-37.893986
-1.9718754,-9.336174
-25.166523,12.648069
-7.541929,36.544716
16.690355,26.002542
-42.169117,10.762588
22.78767,-24.866123
17.361969,-14.558171
42.690056,-28.734447
-2.3169155,-10.227873
22.254438,-1.4392879
62.658253,5.8251023
19.826435,-34.951122
3.9113603,-41.203743
21.495138,-6.675147
-26.844131,16.659817
-80.3532,-6.512582
-52.076286,14.645306
-17.620623,36.861534
-20.441425,38.994514
-3.9864945,36.059772
-11.4208355,-7.5717115
30.272636,-20.28731
24.727617,-26.818666
-0.5684618,-36.013355
11.761502,-27.98457
0.19079375,-25.55951
28.558205,-30.4781
44.335873,8.546807
54.10193,11.861096
3.8023422,21.532557
-26.737885,23.57174
-77.509254,-8.76307
22.316729,15.977181
5.193059,8.350752
66.08974,22.008503
36.243732,-8.144156
-15.42534,-30.903412
15.796955,-38.520912
8.031546,28.503933
-14.7838125,44.024754
-16.476917,39.53724
33.128628,-7.432245
46.550568,-20.130997
28.666388,-30.098654
-12.776045,-29.181112
26.980188,15.857002
59.320602,13.838811
48.74941,-2.659105
-62.947716,14.337087
5.678211,30.54678
-63.757973,13.916178
-10.143736,40.60041
-23.364605,28.021114
-78.90192,-2.3361335
24.779745,16.80485
36.582928,8.222299
20.113165,-5.963356
45.846584,3.6747177
57.112175,15.910753
34.628304,10.352311
18.898758,-38.4812
47.58812,-28.590397
62.1918,14.568325
3.9917142,-37.78791
59.733078,10.948321
29.428326,-18.05957
-14.968854,39.311886
0.317425,26.263767
55.402905,18.766417
52.309925,-22.557117
60.526505,-0.26211184
66.298386,14.183908
9.153932,24.934492
19.492569,-31.31739
39.868046,-28.358099
-36.942493,9.222951
-23.967068,27.655577
-58.72802,13.820302
-24.2608,18.986723
-0.9809567,-6.7582045
23.558407,-9.275867
29.627554,1.8528941
50.135212,-26.467766
18.915653,-31.159185
16.807781,21.290276
-1.9450003,-31.714233
61.705704,16.576126
-3.1353078,-8.779477
37.811485,12.207049
-61.945847,12.891758
50.12031,-2.920804
18.940931,-39.735157
52.41064,-0.8337085
59.045822,10.485281
10.61202,-43.86746
20.337637,-17.538568
61.971794,7.1876416
0.8323279,22.23118
-41.233624,11.484977
-73.5899,-17.65575
-71.940155,-17.784462
-79.4453,-11.507787
-64.244835,13.64697
4.1806307,21.493092
-4.9573092,34.873497
-18.487066,-6.185886
19.666382,-34.29359
48.583096,-21.019466
7.394861,-45.378227
23.374676,-22.085642
31.016872,-23.75245
-4.132361,24.099442
55.064537,9.053981
26.42157,3.89313
33.81638,-14.819344
61.147106,15.690194
6.0198846,-45.76287
26.309774,-26.708286
-32.013374,14.809321
-48.517117,11.533735
1.076107,23.576687
39.928097,-1.4694967
19.643219,-13.601603
20.640087,-17.167156
-57.544365,8.627549
-65.65117,1.5930614
-8.567146,-33.051975
31.082102,-23.185946
14.578625,18.430042
-62.707184,8.50948
-24.656412,21.601683
-7.048914,-34.132984
-46.853867,6.345277
13.656467,-42.57334
55.235077,-12.119898
53.49823,-12.545523
27.298717,-31.186634
20.026806,-37.050144
34.84999,-29.818016
14.676046,-38.3828
32.59535,-14.445554
-80.00405,-2.295512
-79.512314,-8.15419
-23.712597,29.385525
-18.08177,23.814009
-22.76872,20.416468
34.092308,-13.071072
10.05047,23.881216
36.90331,12.280559
55.809685,18.147501
-12.51296,32.493668
-19.777056,31.677826
57.549267,-3.3986707
-29.244074,20.742216
-55.519444,11.303834
38.768635,-2.152747
20.475203,-30.01234
17.0347,2.51545
24.806988,-30.396461
17.408712,-39.649677
41.686375,-30.089302
22.827785,-2.2957468
44.564167,6.11251
-76.577354,1.3945113
65.623665,19.337393
41.379322,-29.926891
-75.338715,6.253677
48.86626,-16.430323
22.804247,14.527502
-70.842514,10.522215
-16.606308,40.150967
-29.906864,17.011662
-23.404861,40.141644
12.591157,11.8563385
-24.730707,13.23751
61.436604,9.767597
49.296295,-1.6748866
1.4859827,-9.633023
60.139908,14.204395
-21.309675,29.517296
2.3165746,-4.482639
18.565704,-20.533527
-18.033127,40.698853
-56.22432,13.833817
5.7146673,-42.670322
55.832226,-11.599522
12.352553,-28.664549
9.627681,8.547891
61.74693,16.473675
24.691494,-30.859528
-78.860374,1.7952907
2.915485,24.08335
-14.836156,44.562084
-27.105495,14.852162
-16.6,27.134842
-21.98412,19.83068
7.498326,26.56139
42.133423,6.9657207
-6.6193705,36.134598
-27.1573,11.75037
56.77317,14.631766
26.32256,-9.689797
9.281439,-42.82674
27.299627,-3.5521488
49.337177,-10.817306
-47.398495,9.566088
-1.0172768,-30.229162
23.77636,-32.751724
51.283173,-25.938597
30.8927,8.577514
-64.983376,14.188463
5.7921767,31.36057
-28.307823,21.591497
-2.678433,20.883896
-24.482212,12.767847
30.634026,6.730698
2.473071,24.79541
20.330034,-10.801371
18.864374,-39.102383
25.010508,-0.22884977
-29.680876,5.8232193
11.777718,27.06503
45.200897,2.6566193
-12.91439,-31.548822
3.0293508,5.2185535
11.518771,24.548954
16.263569,8.989196
37.71595,-26.542513
62.43738,17.334335
-17.126715,38.876743
35.049652,11.140708
17.613335,25.440718
34.51419,-29.751923
-65.77942,-16.386492
4.6290298,20.287567
-48.647903,9.321173
3.6270175,15.883247
5.413216,5.512948
-31.584616,10.993843
-19.031345,40.00311
45.84193,2.9154742
30.301577,5.564414
50.501785,-10.399825
-22.800392,-14.900094
-1.8842738,-8.408931
54.690357,18.776587
9.550117,24.471918
40.17368,-1.9901334
11.761488,-44.22425
0.40291473,-36.796055
-25.113062,18.409456
33.330425,-14.078945
-15.400055,43.782154
9.9193535,-39.689114
13.278529,15.309712
-7.185778,-28.643408
66.40217,24.339045
21.755278,-34.64882
54.240288,-0.38415477
22.162865,-24.76652
-12.337151,45.10935
-39.72405,5.9437647
-74.35483,8.708002
-54.16569,13.979046
14.016576,16.498577
-62.29832,13.357737
-37.849358,4.1317315
-12.340407,37.951706
46.662933,-0.29952437
-8.756286,32.064293
49.541294,-12.339165
34.695393,-8.377072
16.607552,-17.033527
51.403217,-25.667873
-17.258747,24.953325
41.566185,8.052798
-9.542511,31.525946
50.97547,-13.055834
30.252377,-19.681042
66.92274,22.869915
-75.91685,-3.97882
55.332336,9.662041
-29.671352,17.186731
61.81859,16.005384
63.29868,21.785162
53.054974,-1.6409814
20.702217,-13.03926
7.2959557,7.3602543
38.195305,12.161043
17.3085,-12.902354
21.12963,15.413359
-18.672672,23.786545
-32.849533,18.932215
21.313044,11.753977
31.274391,-21.58846
33.81572,-26.35587
21.86235,-34.654476
27.77424,20.350811
38.487305,14.393064
-73.02327,-17.487766
8.061319,10.11275
-27.815964,10.7254305
-76.96889,-12.513891
8.354708,25.661356
-5.317385,37.601414
44.163143,6.013489
49.435978,-28.248976
10.458527,-37.71612
40.84078,3.6224444
59.41999,14.944575
28.314363,19.40949
-16.601332,25.239897
-4.1446404,-8.621139
-6.807477,33.96035
-20.431149,36.956253
-37.602264,3.7702138
28.725529,-15.299074
44.809788,11.124506
24.003222,-1.5217426
35.842907,-10.3716545
-7.356399,38.859043
6.0670433,-26.098475
-27.25955,18.59695
2.038321,-38.651844
62.744003,0.051338878
43.527332,-2.1365242
49.05092,-16.499737
50.205994,-12.026383
16.516369,30.22097
49.16772,-17.400387
-72.63629,-17.80955
-41.34098,10.902701
31.720705,8.063737
3.8284981,21.650583
-24.328318,11.854023
-29.12959,20.527145
18.141884,1.2606019
-50.6852,4.964032
15.678047,8.0695915
-19.790981,29.714346
23.101221,-25.899426
56.527798,16.617268
46.28168,2.485232
-18.580141,28.832048
50.72961,-11.515512
25.426418,-9.822418
20.611406,-6.727492
26.3092,13.987595
18.636576,-36.958565
27.016052,-9.746665
66.07202,21.229265
-18.432785,40.138836
64.73417,22.040693
16.953707,23.588434
22.595045,-34.656086
4.9494686,21.058907
-15.134684,33.576935
25.446156,19.83926
-78.41202,-11.249149
-26.05378,11.930776
54.30195,10.216257
8.182387,29.920574
-66.781685,-0.9397701
14.5236435,31.006979
2.9872758,1.4936587
22.038158,-33.924007
63.130207,14.036037
52.365723,-13.305945
53.10432,-12.987438
-3.843216,-33.18093
14.028338,7.149145
27.478277,-30.390144
66.6938,17.446793
63.09011,0.32981873
-0.7871636,-29.369047
7.096306,21.677801
-8.078751,-28.615368
52.7298,-22.12535
-64.740555,15.166597
-64.740555,15.166597
-26.946375,21.97275
-74.75966,-14.917703
-7.2134833,38.233814
-22.667555,28.988985
2.0724947,5.9818735
34.477345,-29.661922
-36.82011,5.463047
26.341972,-15.744586
-47.234753,5.395043
0.77852124,-9.5712805
-53.53195,10.940641
-15.51357,-30.714888
15.425769,-10.674395
53.573223,-12.192842
61.694733,18.311611
10.169884,-35.92824
-3.2761762,37.32827
5.2817683,-37.341713
49.455135,-9.992179
-35.17989,6.3093343
-4.8594546,23.284822
0.04503074,-26.21745
37.481983,-29.230974
-13.703275,-9.006246
53.799507,-11.9589815
0.65301216,28.916103
-75.22208,10.276594
-78.65166,-12.368314
-74.533585,9.753468
-17.454504,27.945383
-78.715744,-8.149495
31.093584,5.32793
-1.1775141,19.112762
-28.615725,11.14667
-19.194088,-10.73789
43.24663,8.111723
-28.795681,20.264475
25.971409,19.443697
42.10714,-29.356672
-68.831635,-2.552599
61.50169,11.52409
34.5582,-13.52822
54.05306,-23.101154
50.756184,-12.394944
-6.9865937,34.965054
21.389587,-7.7530856
3.4011395,9.630029
-18.974525,-8.67523
-30.568619,5.2305527
62.37809,11.743841
-30.310762,17.082523
11.803817,14.819692
36.811,-1.27983
-75.490585,-15.522822
-31.335926,12.988821
3.189138,6.9040594
-18.813137,28.144571
-20.246721,31.18144
-23.268673,38.45099
-17.364933,26.993868
-29.636692,10.59112
63.504494,13.981115
-52.510723,10.554686
-66.370674,1.3268045
-66.46724,1.3180693
3.2789724,-4.494445
19.02644,0.3291038
-9.794658,-14.565279
26.298933,-30.542082
-6.305347,36.878624
-11.4911585,44.56369
41.962894,-30.104568
35.604275,-3.3109958
27.870632,13.525646
-7.7807517,-31.323605
9.73109,-46.09278
58.498028,15.856595
4.331637,-42.438354
-31.78298,12.178584
-23.566887,38.674255
-73.60986,9.528727
-9.825025,44.497807
-78.04502,-7.793116
-78.6095,-3.2262757
-74.81575,-10.3409605
5.0259132,22.212603
-75.84744,-5.0358024
14.768404,20.897429
54.619034,19.710852
-34.257957,5.8466897
34.378822,9.654853
-50.281025,4.922048
35.66025,-1.9119534
-22.832632,20.622578
-2.4795303,21.36795
-65.0713,5.670141
60.081566,10.811086
3.5731502,5.9714823
-13.221008,-9.24832
50.733128,-17.265884
25.325111,-23.05867
7.0784683,-45.25426
36.775917,-2.1080713
27.309084,-30.200678
-6.3289757,37.974304
46.90156,-27.991007
-2.0914016,-31.454931
18.631252,-23.748243
-6.479073,-31.302952
19.342625,-9.724308
52.970547,-24.889837
8.809003,11.055469
-11.743545,-8.842772
-3.7137938,-28.316074
2.123255,-35.98546
-7.836775,44.72638
37.94135,-2.2819278
4.377585,15.595284
-30.939264,12.579766
-77.735535,0.7995613
-75.41303,4.2224164
-77.58103,-5.56339
12.567202,29.99162
-11.242106,30.84859
58.594273,-2.371938
51.93939,-14.181679
-52.60907,8.358716
34.290203,-28.736698
4.7882957,-34.31458
44.338234,7.2987156
8.2247925,-27.195475
53.475807,-19.966595
52.04424,-17.18256
8.040278,-31.308807
52.922787,-22.984795
13.281385,-29.302387
40.36186,-28.69921
0.10692232,22.742174
-66.87595,12.7965975
27.565344,6.194692
27.732414,-9.062281
30.751308,5.9578085
-7.8884172,38.80711
-15.26663,29.093437
15.321138,7.3202033
13.290051,11.2342
-33.037113,14.655779
-63.811226,3.5256653
16.102108,28.847837
4.833869,-34.22965
-16.681301,40.81979
-12.847705,-10.95457
39.527653,-1.5480025
-30.598227,5.5185914
6.085935,-40.623287
17.691658,-39.775055
51.472412,-2.2168126
30.899,-25.006186
-73.21821,7.60081
4.251242,-37.237682
-45.60897,12.263159
27.892502,-30.358591
-10.252465,-33.584354
-15.646817,-31.95104
-11.56539,-6.302303
35.38918,10.411263
48.119583,-26.824493
-75.467186,-6.7107344
9.216874,-45.878742
-9.957369,39.763687
-46.189667,12.078511
-27.615875,17.794746
-69.908875,-16.68458
-66.11735,-0.59444976
1.6259173,27.67766
26.373299,-29.472906
6.766786,31.236036
56.65269,18.165773
54.174488,13.880726
15.3019495,-11.161682
39.501957,-5.953223
-14.933137,44.080578
2.535031,-5.1531096
52.013557,-15.268986
37.70102,-26.646164
47.61129,-25.632736
37.71338,-0.8381921
22.073282,-35.58495
66.64979,15.4275465
20.932993,-31.941324
20.790918,16.59848
67.02176,23.286505
30.551014,5.4302454
22.678875,-26.647392
-18.282467,-9.752365
-65.831985,15.648949
-78.04184,-13.068158
-38.110157,6.4938416
19.171156,-9.791171
-22.746891,19.071741
1.5037725,8.096929
-7.46618,37.10942
-17.518923,42.05726
44.000626,6.252153
4.79657,28.390882
13.7496195,-39.13282
2.1116645,22.046648
64.432594,12.901492
24.283781,15.549934
17.907747,-2.6247973
-46.179596,6.5262175
59.883537,1.3643168
36.28025,9.582815
-19.649797,30.575483
-55.63675,9.89688
-2.9773211,-27.98194
-66.48088,-1.1473457
-77.45859,-2.862769
-9.651216,-33.73716
-3.5306587,-24.584078
52.460125,-15.066454
31.534355,-28.203728
12.606695,-28.798086
35.582317,8.909005
-5.3925967,-32.93253
-15.202517,28.279556
28.661985,16.735332
6.10701,6.9762406
-65.658005,-16.550528
-23.749216,13.079356
21.03422,13.616044
-50.97562,10.426312
-10.33674,46.592506
-28.161522,9.050279
26.8154,7.192292
-50.61501,11.484432
-12.530189,44.86776
-26.94921,17.882915
21.888714,22.280077
-3.5533607,25.145897
54.12726,-13.404591
27.784826,6.9231887
37.21313,14.046223
21.593527,16.070255
-32.26774,19.25726
17.52718,23.42352
49.07242,-17.35532
-70.12996,-12.543825
3.5049617,-41.48338
55.94184,10.947122
-14.888733,-30.094353
-6.982809,41.096855
5.5378437,-41.77751
0.32669458,28.242239
-76.8823,-3.5016727
-12.653889,39.6507
51.91882,-25.631266
35.163418,-4.1297836
-38.619583,12.808687
-66.54684,15.825693
-77.764,5.5214577
-18.13213,-5.423133
6.881907,-45.654
52.7729,0.49745288
13.803623,18.821976
-21.685728,21.363037
-38.372513,5.440364
-43.189228,5.4915633
1.7165138,-39.4614
9.52036,8.090475
-1.2482547,-29.717665
4.453874,13.817857
6.7707176,30.29125
-74.48832,4.3602858
16.835863,-19.070494
-21.406086,20.895567
5.607116,-40.88468
4.7603307,21.554966
13.484305,-38.814613
-49.828327,11.75682
12.495964,-43.855694
45.862648,-19.754015
-9.574472,-7.473457
-74.56724,-7.1002
-23.697395,31.563124
-34.2933,4.97266
-75.74822,9.114159
-75.38948,-9.572324
-76.871284,1.5150211
28.130707,-9.447092
35.038063,9.639326
-17.10423,-7.2368603
-49.60173,5.221333
3.7827702,6.947401
27.182474,-10.43205
-21.395443,31.368013
-51.22492,8.293055
35.009007,-9.147146
57.175457,8.881499
64.84444,12.269945
-53.99231,11.269579
-67.00148,0.7300567
-4.8625755,22.420341
-19.922112,-13.788167
-0.42224073,-9.519683
18.43837,-23.527039
12.091024,20.881094
66.947495,22.838648
53.149834,-19.063751
-29.038277,11.094731
-77.013985,-2.8810742
-80.61114,-9.73805
-78.61353,4.4356728
-77.16454,-13.826714
-65.85625,-15.945308
-73.47852,-15.69515
-17.996012,30.410326
-43.4717,5.725809
2.7447636,17.189705
-16.750635,33.902172
10.658706,31.508968
22.677462,15.022104
-3.393963,25.53286
9.049055,10.49329
37.276375,-10.46423
7.417646,16.50482
-27.083618,22.874834
14.825812,29.351015
25.059032,20.001436
-13.555527,-28.094023
0.938902,-37.305256
-15.241182,-14.009205
2.5699236,-10.027228
37.561764,11.742251
-75.87085,10.289871
-17.271368,-27.870792
-13.059233,39.96083
31.545122,-14.967085
10.939879,-29.165707
59.4934,-1.6637281
21.07732,-36.6026
56.856617,-0.0942753
60.079502,12.994575
22.224766,15.343511
-16.28392,31.857525
-79.68109,-9.723633
-28.842934,23.15041
-24.462921,17.085405
-55.90888,8.338411
-21.361418,23.74493
-22.849533,35.921333
-64.918,1.6838716
25.583185,-16.290087
12.931273,28.22388
10.95169,-44.371994
37.880756,-27.35232
13.718925,29.269058
36.123787,-13.032787
-12.414499,-12.763001
1.7992616,-25.764967
35.44099,-9.68046
51.02502,-26.342318
-22.2864,28.943148
-19.330992,40.868023
-12.184375,-31.291279
66.223816,14.968884
-27.244997,16.645449
27.370218,-29.731224
-6.902742,41.44392
-24.744093,30.651146
22.301392,-33.85514
-39.715973,12.448777
-74.139206,9.467692
-43.89233,10.421485
-76.66193,-14.531041
6.171178,22.851274
-8.578573,38.764244
-14.778787,32.322243
-76.64964,-13.24426
23.726492,14.630417
-9.027161,43.878277
8.822847,24.808723
-6.4057364,36.934277
13.265016,20.461466
0.9346781,-2.6943798
-27.036346,21.144709
23.895782,20.700441
-9.268024,44.10545
48.69026,-22.165327
37.978672,-26.408047
-22.124228,-15.529056
-10.543883,44.08066
-8.543338,36.137318
-21.085703,-13.161076
-12.737431,-13.332085
22.63895,-33.19977
52.87509,-15.438452
-39.346428,9.898848
-4.9108853,-24.231031
13.679216,-37.744
52.81735,-24.282171
7.89396,-30.507462
-0.61802506,-29.48583
27.497469,20.308464
3.0922625,15.892566
14.013156,-38.70975
-73.73317,-17.15594
-78.88064,-13.310217
-80.30081,-3.1792128
-63.75476,13.336611
-75.117355,4.44324
-65.62977,12.748851
28.60863,19.249775
-15.432656,-7.745434
34.32244,-14.442355
22.153133,-31.006401
-67.96163,-7.5524106
-24.477558,-13.445482
-4.120873,35.711525
-21.88319,22.089317
33.51207,-13.615839
3.8329413,14.803599
61.78881,20.110373
48.903934,-23.132826
2.2979217,-25.231426
-73.352104,-9.959477
11.265356,13.091199
63.270813,0.048845887
26.49955,-10.224733
51.53695,-3.086339
3.2731817,8.022398
21.278635,-35.214844
4.013616,-29.074017
6.383537,31.033098
-27.20016,15.246339
-3.175634,24.573841
-26.736444,23.675604
-78.72519,0.11728039
-74.98001,-14.346338
42.907154,5.914211
9.737289,22.414465
-15.632135,34.005714
33.085434,-9.667008
-44.659645,5.083096
-0.3186195,-9.11687
33.929,-8.495689
-32.389404,10.686344
9.07454,25.210817
-32.740093,19.696562
54.340157,6.334756
-5.3226995,-26.030195
-51.70748,6.6649055
12.031705,-43.41728
-33.812027,8.985599
21.800318,-26.659887
29.150206,0.7777999
-1.9077867,-28.135662
67.489235,19.797047
-27.109316,-11.019578
-20.54721,-29.375076
-26.033712,-27.32095
-15.638816,40.45607
14.020073,-42.28466
10.380404,-38.480072
19.921988,-8.791974
4.35192,7.353055
-2.504789,24.769499
-80.857574,-8.192339
7.842044,23.99604
-76.99388,-9.465149
18.162697,21.76578
9.504953,32.36761
-44.78611,2.5343716
18.632618,11.148952
7.8813925,7.0894866
-21.75805,24.653698
-28.499607,12.570592
24.357006,-21.745676
-18.056675,28.090778
6.1409197,6.9396048
28.196941,19.679266
33.176476,-13.676474
-25.739815,22.584818
-66.34782,0.8806284
65.97628,20.672897
-2.0359323,36.074432
-68.841125,-4.874797
-15.346031,-29.211693
-21.927546,-13.340335
53.607235,-18.424757
33.00682,-2.0882359
44.52973,-19.123377
52.50068,-12.48109
-1.1859374,19.137331
56.09813,10.3265295
22.238586,-16.727478
-18.01984,30.878952
-18.168917,-5.817595
-33.489742,14.736316
19.687717,-37.538013
-27.127743,13.346548
61.428314,18.892982
40.746902,-27.722729
19.051256,-24.697933
5.480952,-29.131939
-4.4146805,-27.454044
10.687646,-40.85662
-3.8152976,35.477455
18.136774,-39.551975
3.41981,-41.379192
-24.974531,-13.021122
-8.856628,41.39917
45.443592,1.5304264
46.30183,-0.6320028
31.982151,8.849025
-51.50831,12.784186
-74.902054,-15.616706
-76.97084,-13.280706
-34.66886,14.181937
-40.647327,11.518598
10.027172,25.56365
-37.713436,10.075792
25.338736,-26.538006
-49.146126,5.472703
-50.4958,8.307138
20.748243,-25.316668
-44.04818,3.5554729
5.8927164,-26.972393
5.1298513,13.61239
-16.369625,28.746754
-70.0557,-4.954699
9.425651,22.579168
16.908312,27.457357
-10.855122,-35.03107
1.6011431,-24.970045
12.777928,-28.593681
-4.4511995,21.21568
12.85962,12.119959
-16.371532,-33.801014
44.58889,-20.936607
14.145457,-37.794613
28.167213,-30.715029
25.796772,-31.46695
18.883348,-39.249493
-6.868508,43.3367
-73.21809,-17.33628
19.693163,-8.054281
-27.119995,17.30525
-2.4000156,37.061405
-74.95022,-16.122145
-6.9395576,40.176495
-72.22247,10.294287
-27.87683,22.251255
-38.85805,5.9871707
-78.2537,-5.6123013
-64.595505,14.17846
-69.504326,-11.706104
-15.974367,27.01927
0.19330263,-33.10041
39.820312,-28.400988
15.052361,-37.275433
-24.135948,25.862017
-66.54628,0.21756226
35.13954,-28.97095
21.481182,-9.309924
-28.068611,11.440511
15.425813,-12.464522
2.6803617,1.6358259
4.6112394,-36.79746
31.378572,-27.226786
44.683277,11.967043
56.97241,9.582152
26.325068,-16.244326
33.12481,-26.483618
8.8632765,-26.882305
8.746912,9.073283
29.75481,-23.041246
-24.037268,-10.688431
11.015418,-44.913364
30.856373,8.547589
17.213108,-40.865955
-21.019505,37.225327
0.396544,28.729311
-43.69965,10.692579
-10.372146,36.98031
-66.48593,-15.828945
3.8005056,21.363565
-45.083088,11.741197
-3.2650537,36.984657
17.534418,23.012888
31.008158,6.73845
10.825275,25.415676
-19.080877,38.61599
29.380175,7.197055
-25.547895,31.096144
50.726032,-18.728811
-42.688038,5.572561
54.191513,11.461802
-26.554108,16.269636
-64.183235,6.531621
-61.3037,9.088577
-67.36994,-5.7213736
50.506927,-10.462677
20.056942,16.322212
14.38943,-38.327415
-30.176006,5.832199
2.7840168,28.082973
-24.251003,-3.5549898
-10.817744,35.332912
-11.279426,-5.638443
-25.582401,-4.336661
-64.9471,12.9154825
14.269723,29.66157
5.4092274,7.9809117
5.1810412,-37.09032
67.90194,19.37344
14.292344,8.281724
23.149923,21.29457
24.694801,15.1031475
-14.622781,-33.771233
-69.07539,-18.058693
-75.09611,-15.802681
-78.86778,-11.528115
-75.88981,-13.650723
-4.3789887,23.547775
5.2983437,32.13928
-9.266144,34.830086
-60.23779,7.8494725
-13.450634,32.588367
0.7851874,-3.7256882
-65.39091,12.640132
56.471886,10.139655
19.338783,-10.538527
-61.89718,8.234086
-16.810352,32.561443
1.3413951,22.985458
-16.70981,27.940758
15.753599,-11.668203
-18.219492,39.326958
-18.208393,38.623993
-32.647675,8.651245
25.749294,-10.149195
-21.753574,27.117424
26.01533,14.2439
-13.863138,-13.384373
-52.95857,2.206284
5.2975283,-34.665497
7.107038,-30.050362
-2.381193,-27.303827
48.043133,-23.065775
18.864449,-24.276606
-26.755701,24.059265
22.080523,-32.47754
47.235165,-3.3371031
62.271427,4.1929855
-10.408645,-7.782139
11.5145855,-44.6104
-14.371186,-32.53301
26.99103,-16.514994
-52.586952,15.006624
-68.869965,-17.65333
-74.67327,9.424827
-39.408325,8.506268
-71.59456,10.016223
30.582617,7.542564
-73.4053,8.258799
1.5189178,-4.8326592
19.689848,1.9058129
-19.665956,-5.452197
21.267786,10.685955
-12.011497,34.93221
16.641796,-31.050953
-55.795273,11.924644
-64.64023,5.761609
-66.40963,-0.75128645
12.643306,27.671898
-37.889263,4.776041
54.475094,8.284556
1.2204895,26.398493
27.08987,-29.731373
18.757793,-9.128784
26.055128,-27.429379
-23.276531,-14.490602
-33.776077,17.944973
12.935578,-29.788162
30.43027,-21.987354
-53.336826,10.978259
20.50895,-34.366646
-66.489586,3.2047205
-76.79698,0.83708495
-0.53259856,-29.627234
53.205196,-18.92619
56.627216,16.05765
-12.093481,-30.377884
-20.40618,38.436546
28.850225,-29.862381
-14.171012,33.286205
24.519543,-10.047545
-81.120575,-8.910251
-81.120575,-8.910251
-72.85739,9.394665
-49.588455,10.401291
-17.206635,38.654385
-8.630541,32.484333
-15.966795,39.413246
4.931586,14.221339
4.528662,10.061383
17.038538,1.927896
-52.172153,2.3671865
2.494131,26.647175
-24.473886,-12.039549
48.363213,1.6825391
35.81186,10.716354
26.172714,-2.3941848
-13.688203,31.528881
34.399475,-10.682176
2.5744739,-4.61059
46.536846,2.815392
-66.70123,-5.699464
55.895294,8.986502
-59.831463,6.161046
28.029442,-10.44249
59.05808,12.0658045
-20.947287,22.56297
-13.394418,45.80183
-49.96203,3.870586
-17.03182,-30.321476
-68.65817,-1.3550133
17.076914,-1.5413051
18.99101,-19.247126
37.689575,-25.62695
-0.616313,-34.627384
-15.162302,-15.180646
18.276384,-10.214595
0.4089536,-29.001392
-8.028949,40.169144
-39.080177,9.495947
21.62494,-24.858414
58.104202,0.37751913
-77.6199,-2.3269966
-24.327991,-27.191795
13.21459,-42.17943
18.659594,16.106047
50.528336,-20.642172
-12.39624,35.91877
23.419708,20.918898
0.6211104,-4.0036416
38.176304,-28.32629
63.66382,6.963695
42.37713,7.6028237
48.29921,-17.840788
0.35440648,6.531757
-32.2717,13.8307495
-79.788376,-10.683696
27.895296,20.496536
-37.338177,9.461298
-29.403296,10.570922
-38.458714,13.312685
11.800809,26.442184
-25.28716,-3.2579339
36.58212,-11.01788
-37.310177,3.984245
26.998781,-9.873951
-52.078945,9.261515
-9.695233,-13.894069
-66.225716,2.9756615
32.435604,-1.9069268
-23.38968,38.832005
59.829197,16.410126
19.125315,-24.7553
3.735938,8.993393
21.789646,-8.117669
58.95839,-0.57940006
-25.810165,-27.005432
-2.171883,-6.5463033
48.061413,-16.401495
30.228254,-24.278236
22.352816,-1.7688932
15.727414,24.377134
-72.12735,-10.795999
9.0201025,32.036774
28.848284,-18.005241
1.3150204,-33.45537
3.4435754,-40.179905
3.050823,22.430237
-10.674552,44.898155
11.039598,-36.09842
-3.2619016,-6.539312
-6.0181932,42.211395
0.6040941,-25.268572
-31.260635,16.34085
15.11909,22.499144
-66.816696,-16.387543
20.416872,13.037131
-25.187143,26.787647
8.335032,23.934887
19.904577,14.298162
39.01846,-1.0415981
-59.04962,8.160047
-27.340248,29.553867
-25.584106,11.656402
20.87436,-12.439132
26.234516,-0.8557198
-2.9274447,25.600946
34.335014,-13.723052
-29.701948,18.283386
14.713261,-38.84965
-46.53791,5.254829
4.340521,-35.579334
62.27179,13.44773
16.25383,-1.6510452
-67.793274,-8.125865
22.357372,-32.902443
-10.488641,-32.12444
54.188133,6.5526624
-30.197268,20.61271
62.47746,14.456873
-13.482494,-31.318476
-66.67372,10.658419
-0.48395354,-33.969078
54.626545,5.090979
26.857527,-15.604908
49.51374,-18.490751
-24.034136,-4.6364613
-19.972645,-32.633705
17.416828,2.1170645
24.634779,14.320027
46.990482,-1.4195424
0.076300226,-36.8159
-7.07119,-27.198566
48.126675,-16.84561
-27.706945,19.939293
19.42661,-36.303703
5.267152,-41.335655
9.990186,-37.24722
28.57363,18.14933
10.809165,27.091656
-23.306292,39.524136
-68.20841,-17.277761
-22.37357,35.1595
-27.911102,16.254217
-78.561066,-1.3893206
-78.60016,-1.7865461
8.623282,31.475323
-24.04865,-14.126077
31.005312,6.226388
14.303026,29.122946
-74.39654,-10.640711
6.2463617,22.62883
28.149681,-15.676653
-10.473776,44.279076
-15.357034,28.226456
53.98077,5.10387
-60.35332,7.9804163
56.037098,15.631122
-17.360863,30.179182
-12.469865,35.90736
-2.6428459,-6.7999163
-5.2312784,-25.93165
-19.150246,-12.215534
-44.39361,12.595502
-0.89402646,35.538918
-24.646177,-25.387558
14.679431,16.058935
-75.50551,5.3668685
33.571278,-29.373459
-18.801445,-27.61965
20.36813,-31.433094
-28.429703,-23.945288
3.7782815,20.73352
-77.08284,0.22064844
35.11608,-13.325119
-2.620157,-7.436139
17.456825,-30.871103
18.67026,-19.019564
-37.043312,4.5654383
-13.868108,-8.755403
17.494417,-15.101538
-14.810413,44.007404
-74.40478,-14.403382
-23.573505,19.159857
-65.37394,14.391365
-2.2278147,24.710276
-17.275274,31.092947
-46.514088,11.334484
17.48497,-9.471743
18.163626,0.63315326
19.232018,-19.978012
26.77644,12.889695
-6.9591527,44.56459
-61.108902,7.3656406
-32.97092,8.119589
37.291927,-7.6987314
-25.510374,28.48842
-6.742287,44.043957
44.27679,7.2790155
-32.584137,19.461452
5.4360256,-44.432724
35.94631,-3.0931907
-51.844696,5.5477004
3.2845612,7.7980127
-4.238128,-24.55819
52.50538,-2.740627
-26.66518,-16.385862
10.056054,-28.29413
-17.143272,-13.06374
-67.36906,-10.467237
-2.244007,19.33775
-61.016697,8.219884
37.717167,-2.4455953
11.768257,-27.705172
-27.549,12.605832
-68.896286,-13.383345
-52.092514,11.6489935
-11.983322,46.04886
66.692345,16.559093
24.890612,-10.272533
-14.996166,45.9816
25.743017,-31.181372
32.336983,6.224707
-78.78868,3.3406487
-66.570404,-16.254332
-78.17797,3.3441308
-76.705215,-2.8231142
-25.961502,-14.401313
17.406178,-14.268654
-36.679893,5.7590756
-45.238003,13.143699
46.956512,-28.545094
-48.459183,5.446977
-4.433092,34.593197
28.359077,-9.965868
48.764423,-25.995403
7.704333,29.898388
-16.553854,-30.054728
43.000732,2.3906856
26.677803,-29.862484
21.06642,-30.199156
53.755753,-3.25592
-15.61646,-13.612722
57.914215,6.044233
-27.716143,-10.429596
9.995164,-43.769997
6.5737824,-42.034214
19.584505,-30.949898
19.515188,10.027054
66.50824,14.693323
-2.8037157,-5.364907
-5.0635586,-26.473768
-2.6265087,-5.450734
49.083427,-25.2383
53.524574,-18.696146
9.489145,-32.16238
15.702022,-11.970503
-23.126137,-15.787201
26.896593,14.910928
29.85757,-19.764275
-23.081495,-11.978687
15.072458,-39.753883
-79.28685,3.9440553
-64.591385,-15.774379
-27.728466,22.701918
-63.672928,13.128451
-72.4148,-11.905986
-74.91468,7.173112
-6.0568576,33.929314
18.229906,-17.138203
-20.419289,32.20674
53.039684,-2.5810533
-59.44861,8.48668
18.296652,-8.64838
13.897941,19.39277
-2.57449,23.274345
20.912222,17.921228
-64.19715,6.8460608
36.055054,-4.5061727
-67.40484,-9.238484
7.565688,-26.694782
36.465714,-9.675993
1.132833,-25.426062
-47.98255,6.798643
43.411457,7.5256524
-6.347472,-35.005997
9.430365,24.335556
-3.728727,-32.16717
-71.70449,-11.735928
2.4888024,-41.071968
8.19063,-34.653233
25.698494,15.902285
3.9646633,-36.371605
13.791196,28.938965
-5.5992155,-26.047707
-2.98565,-4.485779
-69.65801,-13.259138
4.582827,-41.44586
1.4155374,27.22552
30.355598,-22.888103
-76.32073,-5.412478
10.585463,-37.217407
-20.78936,-30.68162
-20.157207,31.442291
59.904724,-1.1825876
0.9678396,-34.69431
-80.99427,-7.623571
-23.060091,31.735844
-19.836239,38.17343
-75.11433,-14.7721615
-50.53314,12.195144
-23.58206,30.391016
-64.9497,15.845755
-14.306209,-8.280891
-29.664555,19.434662
-13.92323,-8.073116
26.745142,-2.621463
-65.994576,-0.34721833
-58.09796,7.7447786
0.035364717,-9.254546
-65.63661,4.0484996
-20.406958,-12.07501
-10.453919,39.94884
-21.466555,-12.202119
-8.331871,45.398174
25.920368,14.249354
-52.70277,1.8668491
-30.015614,-23.458445
15.5687,-37.431454
-1.1943387,35.789486
14.4252825,19.137589
65.5701,16.03969
49.181885,-25.362389
-39.162125,10.408189
-34.94217,5.525326
-76.13591,-3.6617556
-77.06954,-1.6537275
0.48139256,-27.93377
29.011404,-29.829231
19.73988,2.5111456
53.28381,-18.426939
20.629934,10.3948765
-39.22832,8.181034
-69.30144,-17.447649
-28.486414,29.961645
-28.007238,21.10671
-73.06949,8.737974
-78.15113,-6.634909
-23.571878,-3.3278406
-12.737195,-7.4457684
-24.392893,-10.592475
27.394167,-0.45049915
-65.14058,3.428248
63.363182,7.472637
17.037983,24.884235
12.143407,21.111073
-20.306543,29.677229
-1.7428368,17.73745
2.5193584,27.134697
17.967321,-14.234359
-51.23322,8.664218
2.1435087,-3.56763
-44.83353,2.1467614
14.473543,19.657864
-14.135507,-13.521049
-17.229431,-13.549055
-69.22675,-7.979065
30.215734,-21.761517
-1.8212658,-34.383568
30.74301,-20.53784
13.71634,8.637205
44.701378,6.813821
56.648464,6.9207826
55.226654,5.701718
23.12626,-1.004837
-42.921715,10.098948
0.13885924,21.585209
-75.67046,3.038502
-16.08206,-6.0491233
1.0261186,-28.337029
-0.6985277,-26.663706
-0.3406241,-26.407906
-39.37595,9.69389
-20.636698,32.225964
-14.780832,-32.124573
54.77692,-11.398068
8.964812,-26.476961
62.121895,20.039791
-1.1934874,35.32601
33.552025,-16.339334
-78.068405,5.099339
-77.60785,-13.062941
-70.06757,-13.562403
12.821473,18.153484
13.526533,7.1119847
3.5807166,16.018318
54.30338,7.525319
-0.29570282,20.039665
-52.70196,9.470444
3.9475555,16.767696
-75.8578,7.6977105
-19.023468,31.351992
2.0935216,3.6113696
-33.58263,9.688904
65.31289,20.77614
-36.788193,6.264239
-17.8501,24.713615
-59.39126,5.9512506
39.684013,-2.8026178
7.715055,30.99764
13.731769,-41.015717
-14.921749,29.053713
14.049692,6.1149836
40.205776,12.352237
9.169537,-27.016584
-14.622421,-30.776112
-19.128,-30.635298
63.18381,7.0555067
-2.727819,-5.6267285
-16.436913,-8.70326
4.2037253,-39.01959
45.75821,-19.951778
1.9164494,27.910454
-15.042203,45.096165
-15.719398,28.783253
60.963364,1.8147546
21.637003,-25.242086
-79.60152,3.2189786
-10.699775,46.443157
-44.043266,10.0372715
-73.82879,-13.631705
-0.13228038,21.52203
-77.0337,-4.9236817
-10.834075,39.737473
-64.7558,-2.352585
21.26105,15.599649
-57.933613,8.35541
19.641127,10.959077
10.2067175,16.480635
18.36046,23.00793
-16.242466,30.569546
-4.374614,39.03824
17.37397,-15.457525
7.3590775,6.480449
3.3814278,6.9178357
5.249828,21.998562
-66.075935,-0.6511923
-66.38307,-7.8505144
-61.57035,8.914208
-50.64545,5.9300404
1.787877,25.370998
-6.5413437,42.14268
49.128723,-2.6332529
-21.966402,-14.470649
37.85668,-1.483834
26.09223,-9.241218
-8.803186,44.828915
9.719094,-36.873642
19.314276,15.338488
48.01211,-28.54425
-76.33776,8.377221
-11.823622,44.974197
-27.861414,-16.554873
-24.262077,-27.555988
17.652279,-31.32283
22.311337,21.858847
-13.830075,-7.769651
-17.966364,-31.422424
-31.262186,12.030573
50.099895,-23.640596
18.32389,10.28799
19.24607,-21.51709
44.314228,5.337334
-47.341953,8.6999855
58.380894,0.053330205
-8.200953,37.63387
-5.337645,42.089275
-33.880325,7.602033
12.182696,30.45661
17.184288,22.601547
-51.02097,5.3952036
55.058517,10.586586
37.0225,-9.694806
-2.6962702,35.90398
38.358562,-0.7057076
19.770592,15.684186
-12.980882,36.71083
-19.640726,-14.29206
-44.27701,6.3257856
-33.78629,15.701706
17.194664,-1.2032561
20.423134,1.8297585
-13.916255,28.192154
-23.324997,26.578325
-69.49614,-5.496545
38.008144,-7.512952
0.7310278,5.9084554
-13.909485,-28.044807
50.779675,-23.672533
14.608452,-39.279945
59.249058,0.7695657
-77.73216,-1.6877415
-67.389275,-15.057322
43.43098,-22.200232
-7.3374457,-28.244896
12.478504,7.8968797
-13.565325,-30.899061
39.59319,-28.480253
1.622312,5.437782
-80.059395,-11.288318
-34.019688,17.597183
-80.79722,-8.479199
-38.65343,8.478299
-33.19677,12.0263605
-53.63971,13.089018
16.257767,22.582666
-25.967545,-4.1580997
34.733223,-2.3120284
-18.713963,-4.606084
30.748146,4.9204984
36.504105,-3.5888333
-56.85955,12.01453
49.515633,-22.262117
-33.239544,10.11452
-12.637726,45.30788
2.9387546,-6.125709
56.30234,6.5369644
7.5451446,-45.549496
-68.87486,-4.3984118
12.809013,12.517635
-1.7570611,20.446535
20.366539,18.164776
-53.580498,1.5265638
65.49264,13.653266
-27.833302,-22.054428
25.690895,4.426448
-26.56281,-23.124681
-23.404325,-4.1195297
9.023254,-35.890926
-27.618336,9.238217
-64.72162,13.007266
-1.7429428,-28.849358
-23.36418,-11.423926
-11.567745,-7.509234
38.6988,-28.123686
43.16073,2.8567312
-3.3112051,24.968483
21.444279,13.280735
-27.039858,16.958887
-26.210087,15.527308
-77.61806,5.935304
-6.348353,41.65654
-78.96675,-5.2853026
-34.074223,13.901345
-3.7751446,24.402899
20.130009,17.632414
-64.90618,-14.98757
-44.36348,5.874166
47.223885,-27.664879
-3.6350877,37.761757
-13.690339,28.202755
-61.95339,7.133883
55.09387,6.2172656
-38.474186,9.776028
2.7795749,-2.5237837
-7.0742984,39.81503
-67.34556,-6.075339
-21.219482,29.28009
-14.672204,-13.529625
39.74084,-6.467962
2.545674,28.855392
-63.194057,7.411903
-57.77262,7.268473
-65.0063,5.55425
40.220924,-7.4410186
-9.272929,-33.881905
-18.481861,-11.121136
-27.33536,22.464993
24.535906,-13.0385895
51.441998,-11.882672
57.782234,0.22563215
3.4961913,4.051321
57.07801,10.523164
-18.200867,-32.296623
-27.56675,-21.563335
-6.277078,-33.863453
4.969721,16.107752
-20.538673,-31.277935
-3.9241319,-24.050035
-53.371296,12.40946
-61.43353,8.139201
-6.77084,-28.03219
62.284447,8.011466
-0.6753284,-25.744799
-30.581867,11.353596
-4.1668515,-24.755295
54.970108,20.008512
-11.454757,-5.182828
10.8682,-38.97213
-21.839376,37.61792
19.02359,-19.83378
-23.685526,-11.579907
-12.395019,-8.156616
12.534902,-28.733414
3.5283625,3.4161675
-38.63471,8.652723
-17.743793,39.45017
18.430025,-30.647665
55.416855,6.083232
-29.971523,-23.505995
10.408539,21.907717
30.690435,5.4128256
33.640102,-14.724644
-69.73007,-17.920193
-67.83121,-17.237156
-33.05811,19.696072
-12.124812,46.325405
-75.53128,-4.5684996
-64.51673,12.421376
-21.096249,-5.101778
29.70998,-20.644741
22.621264,22.272629
6.889958,4.2824316
-19.872328,35.311584
4.018043,28.630419
-60.989754,7.60292
48.96036,-2.1652825
14.318602,15.370108
18.909014,-9.78116
32.630165,0.24686883
-65.85928,0.6815728
-6.4506054,-32.190876
20.29908,-32.28239
-2.4444113,23.66144
55.669895,5.578695
14.423166,-36.931213
20.367016,17.236876
-22.887375,-13.60104
-17.51545,-13.121734
55.79886,7.8800783
7.1141295,-34.607906
-5.2185173,39.505554
-28.43136,-22.565569
5.953289,-41.34478
38.741547,-26.86106
26.903212,12.6628275
-37.750492,8.676549
60.781723,17.682838
-21.969225,-29.260124
66.78845,15.976442
-25.700638,-27.498547
25.736639,-30.798449
17.293411,-11.151466
15.811391,-31.850542
-38.086292,13.732399
-77.39579,-4.0933247
2.3118265,-35.044216
-51.02999,11.65067
-24.134869,24.714943
17.101967,-30.783014
-74.59761,-17.132092
-78.05203,-12.3175
-78.34891,-11.198617
-38.27872,6.334539
-2.244879,34.785236
-43.23197,4.9496584
-12.198546,33.6321
-25.33832,-12.268161
-18.910782,-5.2898345
-60.030254,8.34252
-4.0576987,37.973145
15.13588,-13.720724
-23.216108,39.943707
15.548406,16.216202
13.859354,28.484482
-10.773665,-8.404217
48.070995,-29.201733
-36.575073,6.8885646
50.29759,-3.2236314
30.175953,-21.743092
-46.24233,5.823233
34.5337,-1.8618534
-0.7644045,-8.625371
-20.106218,39.57613
51.46232,-3.7174625
-68.815,-2.802252
15.185719,28.391514
14.510165,20.402628
42.888245,10.087082
-52.99463,11.558183
22.40978,-0.97662675
47.32225,-22.418299
15.166718,-37.889717
18.492687,11.006244
14.37857,28.685396
-8.911933,-32.355698
0.13702488,-26.213614
6.906655,22.7575
-25.574162,-25.55312
-10.101645,-6.5363283
7.6199884,27.727772
-69.451355,-6.1937475
-17.554007,-27.641235
6.329432,-41.403015
22.429066,-25.678091
-1.2931792,-25.476017
-75.0811,7.886812
31.525219,-21.449955
-8.467499,-35.427727
-6.808769,-30.978851
-2.6644268,-5.226449
0.45502922,-35.658573
-28.120304,-18.120724
-20.11244,-31.284641
-2.99781,19.288046
37.86521,-28.487045
-1.2754333,23.999075
10.595329,-29.849611
48.72389,-1.9791833
-78.863365,-12.631226
-74.25395,-16.46836
-25.691545,24.549948
-53.94268,13.440667
-25.05263,25.675003
-18.92892,31.199923
-64.26359,-15.084857
-64.8495,13.674035
-13.220118,30.563177
-15.445431,-6.909998
-64.7386,-1.6509411
35.31411,-4.7136083
15.873212,-12.469676
31.232359,-29.253107
-15.391234,30.9398
-41.980885,11.900726
-39.81341,11.3597145
-12.10096,-13.321247
-26.657938,-21.428093
-45.34309,6.1458197
51.876236,-25.188639
49.716976,-26.364256
-1.071801,-30.435951
-38.150494,8.711432
11.271518,-44.2516
-18.357063,-30.264748
-13.827536,-27.727217
-16.566593,-13.940928
-10.4189625,-33.546204
-10.215102,-34.1873
-4.9033966,34.218002
-30.036255,-23.43075
19.758877,11.830114
-19.143179,-7.151241
-68.986176,-13.621211
52.137844,-2.744896
-22.390688,-10.115917
51.15164,-24.638784
-20.701757,-9.791084
49.876923,-2.5990453
10.512439,-28.602064
-19.751207,-31.450338
22.33235,-8.5812
-1.4628447,-24.547148
-8.110823,-32.54212
-74.39983,-17.080206
-3.6797962,22.311852
-72.233086,-17.023005
-4.136905,22.666475
63.77717,7.4971128
-5.339455,34.09116
-51.26608,5.892161
-63.276897,2.1816425
17.444317,-13.443294
-60.561222,6.1515427
-66.355576,-6.1537075
45.157265,3.5876627
35.846096,-9.794079
-66.420975,-7.0777006
27.987782,17.905342
-66.068756,-0.04947652
-18.4673,37.477726
-2.1249804,17.935001
3.5487664,4.997995
-16.089006,-9.533505
-22.14975,-12.320499
28.308414,16.010818
-62.6918,6.3276496
4.0291643,-34.89614
-28.761314,-22.042925
24.990725,-10.1040945
6.006218,17.307398
-1.3894554,-30.87294
-15.893127,-30.064537
28.6858,0.90625095
9.380507,9.773464
-28.806217,-23.412998
46.649635,0.7394979
-23.103981,-15.580082
65.5697,13.2835455
18.524296,-30.986422
22.001013,-33.17878
16.694138,8.094086
4.8910336,17.19639
3.84172,4.4793825
-64.99736,-16.404589
-25.933222,24.908552
-13.998347,33.061394
-49.240913,11.277629
-74.407196,7.437815
-72.915375,-15.887483
-8.824949,44.75723
-16.099014,39.792305
-10.991859,-7.0656457
2.1530838,-4.121795
-3.6719766,-5.93377
-17.751049,-5.9534583
26.958593,2.6364439
-9.7304535,43.156
35.52988,9.174673
16.504168,23.950794
15.729497,23.076841
39.470997,-2.568193
-67.23432,-8.090679
5.7204437,18.331955
-46.30979,7.535409
-22.542562,22.54407
2.0233548,-9.415402
-19.719791,-15.430313
52.867897,-22.638676
-19.97301,-5.1847687
-25.238611,-26.076061
66.32453,14.108373
11.326418,17.42966
47.73898,-17.80386
-12.832852,-27.328014
-24.342888,-26.39641
13.422976,-41.467762
-14.654883,-31.399706
-17.872467,-30.593924
-29.027582,-24.070728
53.39701,-2.3253107
53.214954,-13.955542
17.825039,-39.981705
-19.21221,-30.922615
1.0131027,-34.309795
-7.337953,-30.058287
55.45422,18.393017
-70.42682,-18.029324
-69.2162,-17.795832
-26.024195,17.74289
-73.45452,-16.971323
-70.3566,-17.48797
-73.515366,-15.094989
14.04745,24.872751
-78.576546,-0.67993546
-18.422417,36.78104
-74.48094,5.7143054
-75.05915,-8.902083
-53.242493,12.723598
-74.336075,-10.691461
-57.36927,9.00327
-45.39726,4.4507384
-24.157791,-3.85663
-8.441684,-32.734123
-0.47367933,-4.7597737
-23.254416,19.500961
-63.51164,5.8911004
-66.00611,-4.8234124
5.284711,30.700027
5.507312,16.990917
9.415359,11.222561
-58.72851,8.561386
-52.140324,7.0328636
9.787455,8.888149
-25.472254,23.443178
28.794983,17.442532
-17.93699,29.182714
-25.38763,-24.092533
-64.78138,-9.143677
-67.06615,-0.3438748
-68.723274,-4.069363
37.0687,-25.7877
-21.166586,22.272573
11.4367075,27.839481
-45.075596,2.558947
27.56803,14.292346
16.01945,-0.86436796
-10.333472,-30.522013
44.512497,-19.903362
-18.800608,-32.638172
-0.14011061,-25.299543
10.2703085,-36.37998
2.9192789,-38.009827
-25.282225,-25.812906
-72.23032,-11.384024
22.104887,-10.805837
55.742954,-12.6026945
3.8314157,6.6784015
19.439045,-36.043507
-12.085603,-5.853672
17.13524,1.9433924
7.9454565,-33.04621
-23.414055,36.667152
-6.521095,-27.576744
20.439447,-36.13402
30.133886,-17.734812
33.876034,-14.458803
-44.103302,12.305478
-12.622839,45.830807
-28.329182,17.062918
-64.18681,-15.534024
-27.879131,21.187384
-12.191017,45.498882
5.622157,31.214138
-70.69797,-12.800177
-11.307978,-7.0050783
-24.04918,22.453537
-43.740746,5.042047
40.653225,2.1356575
27.569696,18.747019
-64.38565,-2.765257
-37.542995,5.371452
-32.345924,14.988342
34.99053,8.869095
3.6430037,5.196017
22.33367,-25.077776
-58.214283,8.765653
19.337791,-8.864295
-10.919218,34.939167
-16.552431,-29.710682
44.281013,11.410071
-68.679855,-5.6578
-65.436005,5.435239
-39.445847,12.430723
42.245506,11.715049
-32.674763,8.7448435
-22.63547,-13.576486
-6.5616174,-34.699356
-19.941658,-29.43836
-17.687384,-10.776198
4.544858,14.806948
11.549807,-43.89002
35.09946,-13.206766
-2.2230353,18.676569
-62.38618,10.161452
-68.49729,-7.6109056
2.8877282,-35.917145
67.07124,20.639706
-26.521627,-27.389393
-29.847063,-22.612133
-51.878998,12.006642
-26.100965,-11.715525
-7.0431657,-31.69225
-61.441704,13.313002
9.997102,-42.908047
-12.127838,-7.5230985
14.030224,-29.251144
-21.986332,-29.603127
0.70288146,-36.44089
-75.72599,-3.4482167
-7.1006064,-28.909777
32.932083,-27.114576
-64.94429,-15.10412
-54.278694,12.769313
-12.582476,45.326363
27.33966,-0.18367773
48.34752,-3.503085
-71.96581,-18.071905
-70.14877,-17.70615
-31.944221,12.606734
-80.19025,-2.8282022
-74.86191,-14.28168
-3.8904607,37.379654
7.6594996,23.233198
-23.029541,-4.2184305
1.7778374,-10.162712
-21.661596,-4.951567
-22.483648,29.21048
-14.491086,39.040035
10.047903,29.251581
16.530552,2.4575155
47.75703,-1.1782782
-13.727006,32.515194
-67.09087,-0.54075766
19.943707,-6.8020716
8.490445,-29.954863
-53.62691,10.137619
18.935015,-13.666103
34.330097,8.766573
-61.56474,6.1876917
38.24534,-27.737917
-11.563331,44.459225
-64.40207,-12.77801
19.674072,2.1493106
3.4428046,25.80009
-18.18078,27.057322
-67.85985,-1.7268542
-26.642065,16.84342
-23.159925,-27.964186
57.097515,15.03935
-19.217276,-30.049213
10.688642,26.33295
-67.12075,1.2048514
-67.601204,-0.3836051
64.01271,15.50847
52.89375,6.831853
9.453897,-44.382362
0.50587624,-10.229533
40.84067,2.4240687
-5.196102,-27.608116
9.746448,-28.379667
-8.383204,-34.836422
15.145748,17.673128
-22.023518,-28.284359
-17.954912,-29.803722
-27.693817,-24.453987
-11.541947,-29.888102
-22.391085,-28.910374
-20.440619,-30.41167
-42.49155,4.8948665
14.39925,-29.695791
-15.392741,-33.588253
-17.57262,38.136345
-6.7969275,-27.511694
-15.0362,27.025757
-15.248057,32.742725
-29.859674,11.723229
-76.40261,7.722127
-53.82741,12.638874
-32.73339,9.035401
-11.3167,-6.846196
-3.8841908,39.686596
-18.31629,-12.221683
-5.458524,42.4847
-29.689331,16.57165
-9.682081,36.21114
2.6256244,-3.1008158
-2.4926534,18.07376
17.015358,-0.34027377
54.647858,4.8223395
18.939157,14.5878525
33.63709,10.756568
15.213136,28.570028
-26.477474,13.241588
-11.684784,-28.857187
21.706614,-10.999904
-17.531815,-31.795305
-24.382113,-13.394153
-22.202818,-14.26941
-15.956522,-13.689005
-29.89492,5.7031493
-64.82855,-13.175313
22.06635,-15.654171
-69.67884,-6.126703
50.97731,-12.145718
67.59036,19.232977
7.852741,-30.503288
-1.0388556,20.68171
20.602312,-7.6405363
-19.086536,-33.100018
-26.159966,-26.719015
-70.71118,-12.342696
-11.294811,-33.767815
-74.33584,6.752992
-74.657936,-5.032238
-22.299631,-31.100096
-26.265148,-14.264936
3.16994,4.539194
17.200586,-30.72946
-22.79388,-11.09329
-7.9580626,-27.967741
-25.20973,-27.375502
-10.16084,-14.170463
2.8256125,6.5172443
-80.53492,-8.642046
-77.79402,-12.172835
-75.982994,-10.389159
-3.0498135,17.014132
36.39918,-10.129496
-3.0445826,-5.059802
20.933765,15.823325
7.497298,26.997017
24.35804,-1.1701005
66.04596,16.537537
5.851885,-35.395767
47.02232,-8.795503
60.873363,15.784525
-21.979984,36.88958
5.5281253,14.7183895
27.686115,-2.9862514
-18.323647,-14.015787
-29.536608,-23.706041
-63.87725,5.4190454
7.4735546,20.455751
14.464966,19.956324
-29.225622,-21.890787
2.5997338,-25.424364
-14.052931,-32.34822
-9.953725,-34.78583
-47.13602,10.175129
52.437584,-14.9244175
-3.0740826,34.841797
-21.608541,-28.475933
1.7423745,-25.01627
-22.3855,37.246254
-17.741167,-27.751583
-25.211624,30.82376
-18.322699,-27.73447
43.746735,-21.587029
-5.9865165,-26.195597
-25.277676,-12.969857
-24.145203,-12.143304
53.304943,-2.927424
65.20851,13.335477
39.44852,0.90377414
-19.683743,-30.89001
1.4663012,-33.909016
18.39024,-19.285563
0.74524283,-27.123804
53.411507,-1.7103418
-2.3270538,-26.62134
33.904915,9.593365
-70.01423,-18.273344
-80.77176,-10.0422945
-79.230255,4.0038652
-75.002975,-15.884296
-77.82543,4.1393633
-80.40593,-4.2284465
-68.786736,-17.21169
-79.31297,-5.8608413
3.3446782,21.501339
-53.453766,13.171596
3.4564905,27.48238
-65.244774,-15.429681
-78.13273,-4.6497045
-64.46502,-15.2175255
5.087641,20.617455
5.7602925,13.791906
-46.90881,5.3469973
-2.9948251,34.805363
-16.944817,-5.4917135
10.115676,25.218534
-23.359634,22.830563
28.879381,2.3121607
3.5368783,9.106122
38.961338,-28.281158
12.726395,29.55911
-64.26527,2.042321
-19.044104,-15.279716
54.00703,9.655592
16.591158,24.44358
22.413807,-9.09207
-28.19523,-23.08807
-0.141724,-4.7288156
-16.935318,-9.647469
14.459105,11.38584
20.066149,-24.817257
-28.939665,12.158837
-2.265831,-26.086763
-23.437815,-15.854554
5.652285,21.337511
21.722298,-26.086147
-12.9246,-30.892075
-29.74644,-23.788584
64.95993,12.688195
27.68553,6.857833
41.824028,7.955342
-54.167244,12.699136
14.518464,28.645859
15.149353,-13.0881815
17.694906,21.67926
-29.398434,-22.52787
-1.1495692,-25.201906
-46.722897,9.767048
-28.69038,-25.299559
-66.37189,4.2144094
-44.15098,3.6208863
44.191097,-21.518278
-12.937875,32.698036
-68.517426,-13.844744
-25.593369,-13.301645
-11.770219,-5.5374975
11.450307,-43.53077
27.82982,7.7763553
13.109919,-42.1296
-20.950645,-30.606266
55.799698,17.71503
-11.812858,-8.169789
39.466835,-28.016468
35.54137,-4.410331
42.364365,6.480131
-26.190609,9.775329
-79.40303,-12.705389
-71.94327,-17.577887
-73.67208,-16.691406
-79.40695,-9.239147
-76.44222,6.2731643
21.390163,-17.86545
-64.40006,-2.2247324
25.049187,20.254595
29.634403,16.994146
-51.760452,2.1862016
-44.39447,5.021039
39.30462,13.385744
-22.10086,23.012411
-3.3550434,-10.093335
-48.724335,5.5448036
-0.45251074,-38.914913
23.511578,-26.425352
-61.298084,8.713021
4.3594074,22.067629
-45.121933,12.665792
-64.549904,6.8824058
-28.444088,-19.115028
-3.3603196,-33.471977
16.557394,-10.826943
-24.717829,-14.725705
-0.9625143,19.69491
50.977947,-16.88795
-20.799807,-14.209063
37.347363,-1.7888716
-13.166241,-13.477441
-37.702793,9.826433
9.186153,-42.859215
-1.850788,-27.01645
49.412033,-10.989282
-64.70888,6.6848326
-52.67211,0.99522793
-2.2452133,-32.680706
-15.0738325,45.52494
-65.66329,-14.93073
18.241488,-18.277725
-1.9274491,-29.661558
-27.296743,-25.652498
54.94594,-12.078768
49.77665,-20.193783
-17.398262,-33.404854
-66.61502,-16.97758
-71.06734,-17.943436
-18.810108,33.42676
-32.53821,13.3060875
-76.890045,-12.158086
-77.4216,-11.552988
-79.18429,-8.726217
-21.154573,36.114254
-15.143063,32.46164
-76.801155,-9.632162
10.597994,24.224514
-77.32942,-0.69555765
-72.12103,9.394528
21.304567,-21.38041
-2.4682407,-4.8003764
-5.928265,41.393314
-58.623558,8.071557
34.31529,10.136475
21.014048,-10.849837
19.05839,-0.06646386
-64.54447,-12.700147
61.63215,1.2334136
17.03284,-0.8650182
31.267826,5.3302093
18.869678,9.473149
5.2944727,-44.96837
-53.82704,1.1729605
-19.626888,-30.823812
0.2919878,-36.488445
7.1781573,-27.413994
-19.294231,-32.47456
63.16649,0.2665836
-19.902458,-32.47423
44.896988,-20.661594
-36.945625,8.050388
-1.4672765,-26.877655
-2.5455909,-27.054123
32.8867,-24.316277
47.69042,-17.21991
13.964005,15.188585
-32.187393,12.696327
-24.008419,-5.0086937
-59.62875,5.228962
-26.012619,-25.79896
-2.61144,-4.8488736
17.301153,-40.17297
0.101649456,-34.64372
-6.042874,-27.40908
-9.994627,43.821945
22.102228,-20.164515
-70.44121,-18.176699
-65.8128,-16.659681
-80.166985,-9.3031645
-64.74424,13.364086
-74.46828,-9.00678
-44.009274,10.468156
-70.951866,-13.105143
-53.244793,9.812281
-34.45592,10.135906
-0.4270754,-5.1585135
-17.309507,-9.272342
-18.436209,-5.859875
-38.465366,10.069192
-64.184166,1.6043453
-12.780177,-8.657677
22.840027,-15.738981
-2.7864163,24.322908
-25.62503,22.404186
13.135049,19.068893
4.1973505,9.28051
-62.200787,6.2402825
-27.481426,-21.156403
-66.99448,-7.112539
-21.841831,29.29159
58.070988,1.6437621
40.3986,4.2988167
-30.891283,17.982277
56.170353,16.473001
-23.54932,28.782486
0.2298473,-4.2730703
-4.2111306,-33.022545
-10.412555,-6.4518604
-17.51007,24.300663
44.006313,6.507113
27.41017,-3.265942
-23.310041,-15.861376
-15.248998,27.281939
-54.831165,12.629182
-1.3026048,-5.4763317
-22.961,-29.278677
-28.806173,-21.78562
-75.69997,5.540817
4.9265795,-38.394897
-11.625516,40.018456
-23.497414,-26.963434
-25.631752,-11.15516
-14.514743,-33.176003
16.802053,-17.946245
1.9606532,-33.740067
-12.708413,-33.537506
12.114289,-28.201464
-15.828048,-7.719889
54.703636,-13.209056
36.91605,10.441116
25.644756,16.421192
49.284504,-12.041079
3.809263,22.277445
36.835846,-27.43318
48.417683,-3.21357
16.197227,-31.12351
-12.967387,-30.819897
-1.8902261,-26.989443
26.825445,-30.673014
-72.48556,-17.963486
-70.85577,-17.989088
-33.644043,18.476166
-22.361845,27.316286
-73.83074,-12.065873
-65.43059,-15.464324
-74.942406,-9.297993
-61.415146,7.653823
8.735656,31.00366
-11.056313,-13.587638
20.799654,22.842958
-36.108112,4.658051
-7.0381265,34.352276
-64.74629,-3.1608913
21.58527,-18.210743
19.146484,-7.432941
1.9304922,28.553919
-46.973644,5.733913
-43.54472,4.0765004
10.272738,27.929893
50.168026,-24.947886
45.554695,-19.373844
-68.13784,-2.68194
-6.4881086,-36.169785
-28.716196,10.691013
-9.608072,42.594425
-43.61418,9.150709
-68.65942,-4.4570694
-14.383813,-27.790384
-26.08939,-15.415669
-9.794457,-13.554514
-26.248734,-25.666191
-19.079508,-29.2628
37.41173,-2.7131867
-9.591628,-14.472786
17.258766,-16.271662
26.551823,-2.8048162
-1.0870931,-9.284093
-45.627007,1.9798564
-10.172015,44.969845
5.633852,-44.48426
-7.042229,-27.868225
-19.232327,-32.056507
22.783504,-9.441991
-18.646252,-28.577513
12.366191,28.237095
-75.8462,5.834159
-16.191082,-30.205418
17.968742,-30.516832
-66.53621,-0.7987403
51.112194,-12.81608
-16.560884,-33.40396
18.227587,-9.585446
-33.833256,16.855469
44.416203,7.721269
4.398448,-40.94663
32.90392,-3.647411
59.43205,-2.1225338
-21.835638,29.20428
-20.46071,34.967712
16.593008,-40.675343
11.245417,-42.6149
-3.1724784,16.972023
23.551224,-27.629225
45.512466,-19.806257
-23.664232,-16.42023
-77.15198,-4.2917314
-81.025795,-6.8793483
-16.805542,28.563643
-64.15301,15.475727
-65.43471,15.772784
-65.30017,-16.081488
-65.09572,-15.856497
-8.103244,38.286858
-74.00266,7.385258
10.518123,11.237862
-73.989685,-11.078234
-73.86962,8.418235
-46.955364,12.146656
-75.95317,5.252344
-46.240467,5.8255444
-0.1956652,-29.700508
-50.00185,7.800306
-27.181965,12.588019
-51.409035,8.4066515
38.868332,-7.728859
25.423716,3.7040231
-65.52156,-2.183906
11.964861,10.032866
-24.419588,17.52593
-25.16951,13.004007
26.488312,4.543924
-10.671204,35.19765
21.944353,-27.81556
-59.080414,6.611089
-64.33294,-12.901413
-51.16738,5.3596797
17.642925,-10.411303
32.949722,-1.2985373
-18.29679,-12.961163
35.732197,9.310875
-26.492222,23.33453
21.263525,-25.197271
-19.77534,-30.893381
8.599349,-30.881998
40.837055,-1.5472227
-27.36433,-24.19545
-26.782084,-24.784496
45.32471,-20.686247
21.816023,-33.554665
32.744392,7.643951
48.82982,-22.819756
19.82478,14.216485
3.0025532,3.7868187
-10.043718,-35.07798
58.400055,2.0539432
-20.61799,-5.5667486
38.9217,-25.7542
-1.2461144,-26.147396
52.227108,-12.261666
48.55489,-27.193993
54.19723,8.539484
52.669376,-13.210677
-28.398756,-24.677736
24.247528,15.03781
36.954487,-27.236279
1.4293184,4.4834795
7.827151,-36.33212
-12.849154,-29.29419
45.205727,-20.173216
58.55565,12.406146
19.223454,-20.622515
-64.21748,9.651736
35.90419,-2.6150165
-80.789665,-9.052858
5.562601,16.447098
-22.212494,32.310596
-19.633602,39.31966
-75.45023,9.151165
-66.25011,-15.1758995
-32.336082,7.8170304
0.3151731,-3.5180256
-19.352709,-8.254158
-23.817179,18.198605
24.32806,17.273638
-18.747387,-9.874144
-49.375565,4.096498
-29.452349,6.081871
-0.661593,27.79802
-22.391613,20.09563
-33.004696,15.177055
8.31672,28.41416
8.185938,9.049684
9.294159,-40.86517
-11.042578,-13.1901045
18.85433,12.823495
46.725605,-3.6832113
17.165064,-2.8148732
-47.709076,7.868654
-57.933125,7.08258
3.834018,20.076712
-68.43797,-6.7133126
4.569173,6.3270893
32.4746,-24.156153
-48.922348,7.3523693
-28.41203,-18.999296
16.96948,0.18377489
-18.181166,-11.930559
4.1176577,-36.604927
17.485794,13.014749
3.0075693,28.84996
21.528929,-1.6012189
52.59549,-12.841862
52.926167,-18.718315
17.828247,-23.971325
-20.600948,-31.60777
31.195456,-28.140615
-11.389402,-29.429348
-73.04354,-11.066952
6.3424206,5.5931306
61.064636,0.3970306
0.49323425,-25.152533
-16.371206,-30.622179
45.369404,11.30282
-19.040115,-9.189241
-20.141996,36.406498
52.164474,-2.4048443
-20.280342,35.29264
13.295364,8.163262
30.627302,2.703978
-14.543454,44.79525
19.919436,-23.321539
55.329258,5.317111
-73.4442,-17.694565
-76.2814,-15.209602
-49.06874,10.023431
-71.246086,-17.520079
-79.66201,-4.505544
-17.962952,40.89217
-52.362583,12.585454
-69.31348,-14.3092785
-26.585081,-10.588057
-46.8161,6.1058006
-62.906975,5.597066
-63.704254,1.0186379
-19.67217,39.724457
-36.857025,5.401917
-4.218029,-6.155233
-13.2026615,-12.237814
17.353834,-0.18966264
-23.286797,37.507385
-59.714344,6.756233
-67.36825,-6.057596
46.849724,-27.809158
18.717155,-22.720078
-43.482365,5.429657
-67.165146,0.016794449
-11.693238,35.473232
15.083267,22.33747
-53.01095,10.698139
-64.68264,-9.757751
45.568256,3.0073583
53.929363,7.6852665
5.8479443,8.252755
5.758231,8.511676
-25.587086,-26.318378
-19.433071,30.015886
3.7220037,-34.379288
-69.34388,-5.603612
37.19684,-8.243875
22.388983,-18.254734
-27.411966,-22.03239
-26.932068,-22.140505
-20.236671,-30.76751
-74.010185,-4.368898
-73.72516,-6.5717206
-18.435444,-31.794943
23.324774,-1.6191688
20.297632,-33.625763
-20.829323,-28.07349
-76.7433,-3.6140714
-1.7154739,-6.3807993
-52.777985,1.3459939
-29.631863,-22.375734
-24.830105,-26.154568
-23.538021,-27.25103
8.775837,32.11474
-74.49367,7.7405934
-10.895144,-31.913591
18.03736,-30.601467
15.402543,-30.854958
8.656697,-30.66954
32.10961,-27.547523
49.700558,-24.140005
-5.275884,-34.947655
5.3868375,-36.380363
1.1196617,21.856497
7.0917583,-30.795189
-27.211414,-16.172686
0.3746147,-33.580322
-13.744297,-31.210175
3.8632338,15.151194
67.190056,19.6968
22.960241,-10.309385
54.678513,5.688842
-80.090385,-10.78132
-80.30075,-8.4577
-76.902435,5.500254
-76.45302,8.803744
-60.937748,14.173758
-74.78623,-11.147442
-75.88219,4.4379635
5.2566257,13.78057
-36.4362,6.0156665
-26.791502,11.5971365
-35.831524,4.655889
-22.18712,-3.9551241
0.615034,20.35964
20.572714,13.592991
-10.558994,-6.107867
9.611827,31.85798
-66.677216,-7.908208
-1.8147492,24.621826
-44.32046,5.5484514
52.373222,-24.420885
-13.035374,-33.096863
-22.60018,-14.385824
-9.675945,31.186634
-64.47991,-12.304431
-64.97386,-11.202675
-47.52158,8.038777
-32.272945,17.631475
20.132418,-35.056114
6.831584,7.2558837
-63.06395,0.64511406
24.60502,-0.621558
14.58333,18.21226
-3.8284452,-8.994103
2.1735084,4.866799
-38.003536,9.274263
-3.8189769,-25.900137
60.626537,0.97745717
7.945758,30.573906
48.398937,-16.895685
-29.69599,-24.2561
-6.464169,-27.848848
17.54778,-17.24806
-21.439518,34.367893
-10.898903,-30.529509
9.205037,-33.229298
-42.171288,5.0265403
-11.361422,-29.26152
-27.010918,-25.480265
-17.915422,-33.378998
-1.4107046,-26.408272
-20.263273,-9.096737
-68.489845,-9.118299
-52.66572,12.498161
21.462805,17.769632
-2.458985,-25.800158
42.856224,1.6429471
-27.08475,-15.936958
33.642838,-26.187117
-69.11914,-3.5944796
26.88985,-30.262682
-14.511688,45.913857
18.349154,-39.045662
-79.11635,2.7074015
-80.36072,-3.8214705
-79.849625,2.8984032
-22.80965,32.402985
-75.1992,8.465633
-67.36328,-15.685456
-50.737896,7.7397866
-43.17515,11.694348
-47.74285,5.9993076
-49.78681,4.682836
-62.01895,8.245379
12.931868,21.061335
-61.810974,12.96131
-8.044937,33.969242
-74.9475,6.2594075
-58.709415,7.072277
-15.999138,26.574768
-43.75645,2.5447092
-32.065174,9.57772
-65.83122,-7.192723
-12.791711,31.707964
-1.8816969,25.984818
-11.358588,32.522236
61.56637,14.470369
-34.48996,6.559742
-26.890238,-21.502213
30.802387,-20.686676
-6.853388,35.17771
-27.10551,11.0421715
6.257494,31.246712
41.088818,2.8575747
-52.071064,5.9284267
33.524933,9.202679
3.6456904,6.6472416
-28.815268,19.797878
24.88281,-9.630632
-26.815237,-16.33143
-24.407148,-26.788725
-9.12513,-33.325356
-44.5988,2.2482376
-68.60767,-9.423696
17.354813,-2.3986778
-64.06646,-13.858582
49.559277,-26.210493
-13.090578,-27.680717
30.58679,-22.225763
-0.17253992,-31.057009
5.9306855,-45.050457
19.231684,-13.492294
-15.384177,-33.366997
66.486115,15.190746
-55.062435,9.56538
40.304108,12.81608
4.3346334,-41.863674
-0.18772832,-25.553043
0.53858095,-36.43858
-12.274101,38.850494
18.354223,-20.22338
-10.866208,42.427185
0.021430403,-24.346153
66.770584,25.247217
17.90584,-13.996203
-69.72626,-18.02338
-36.9756,14.100676
-66.41476,-16.844877
-78.62671,5.294357
-79.52912,-1.8180892
-78.536705,-0.79476565
-76.54465,8.658167
-66.68983,-15.246257
-25.416208,-3.8594549
-15.898556,28.090073
-59.621536,6.990728
-25.928738,-12.957604
-20.557718,36.00856
-5.73835,34.544514
49.00884,-1.680858
-65.41042,2.9174411
9.139541,26.164503
40.51667,-1.0225154
-8.757072,-7.722292
1.730192,28.008347
51.595844,-14.479654
19.51622,12.587035
26.817976,15.562776
-12.336448,-13.624046
38.77669,-6.823807
-67.806854,-6.420108
19.282951,1.7122343
37.614285,-0.18089005
13.350943,9.282426
-25.25815,15.699827
-28.87401,-19.997225
15.022085,26.793165
-8.661986,-34.283493
-12.115706,-12.78259
-29.365831,-21.009706
7.787117,29.288843
-1.1466349,-24.671719
-25.760147,30.00882
-9.839373,-33.07185
-54.063274,0.43619558
21.630266,-12.808336
17.105652,-30.478178
-27.411907,-23.98666
-22.50599,-27.733755
-63.980103,12.785362
3.1014636,4.1391344
-29.187841,-23.12195
0.2415445,-38.924564
48.402958,-21.490765
29.133673,-18.458635
-28.348576,-24.366186
3.1885078,-36.366207
8.843693,7.1074233
21.029345,12.66708
50.656616,-23.531784
18.90621,-37.01076
-26.390356,-14.476235
-5.593194,-35.986965
-8.911578,39.768127
-6.0319953,-26.979324
9.195453,6.340089
-63.16647,13.985723
-64.66126,-16.082415
-80.1886,-9.963037
-39.890186,9.388197
-65.96099,-16.341877
-32.04962,12.404682
-22.146212,36.394173
-10.198808,35.254833
-48.909565,6.0266833
-51.400448,6.276957
-19.134203,-5.20926
-14.053816,-7.3815856
17.349064,6.458373
-5.368699,35.99703
34.279144,-3.0368528
13.401712,20.243671
28.511992,14.15524
-7.321306,37.399364
52.79419,-3.0392349
-54.506844,10.756483
-67.955956,-6.811014
-67.305824,-7.5691576
-31.822517,18.245848
-57.524918,6.6783233
-23.088121,-12.240814
-31.809216,10.242889
-22.245886,-12.530706
-46.462685,7.8373237
-11.431069,34.595634
-28.767078,-20.743984
2.0935516,5.498514
62.168926,12.362798
25.237934,-22.562275
-26.48253,-26.61389
59.948586,-0.23716915
-3.72904,-32.577557
-23.41694,-4.5740633
30.541885,-28.664091
-26.162542,-24.826977
50.36673,-12.610027
20.90106,-32.154945
5.584983,22.145002
-42.876606,10.818275
49.72292,-17.69493
-55.870705,14.334922
-17.32399,39.482796
-25.512083,-25.568708
-28.090614,-23.968735
-74.36022,-7.902957
-6.257986,-33.27553
13.486265,18.47085
9.487303,-38.962513
17.726322,-38.24791
13.186056,-29.236034
8.899152,-38.774406
19.923801,-31.883223
56.230198,-12.334108
-17.58173,25.130136
-9.595244,-34.679504
-12.221334,-7.4029274
5.40734,-36.465572
38.983112,-1.8023279
-2.8882673,24.787558
-5.936764,-27.802404
29.578987,-28.841862
51.84391,-3.19968
17.646685,-11.139012
-32.6397,14.550426
-36.129604,11.965948
-80.04929,-3.4028752
-75.23093,-16.292704
-2.4198503,18.70743
-73.14702,-11.387034
-54.234734,13.2876835
-65.55494,15.4200115
-77.80533,-3.8442225
